{
    "id": "0006",
    "name": "Longest Common Prefix",
    "difficulty": "Easy",
    "likes": [],
    "dislikes": [],
    "participants": [],
    "passed_participants": [],
    "time": "2022/02/15",
    "description": [
        "從一個裝滿字串的列表中，找出這些字串的共同詞頭",
        "",
        "輸入說明：<br>題目會傳入一個裝滿字串的列表【strs】",
        "",
        "輸出說明：<br>回傳這些字串的最長共詞頭"
    ],
    "var": [
        "strs"
    ],
    "predefine": "",
    "default": "#start coding below\nclass Solution(): #don't change class name\n    def main(self, strs): #don't change function name",
    "example": {
        "ex1": {
            "input": "strs = [\"flowers\", \"flow\", \"float\", \"flight\"]",
            "output": "\"fl\"",
            "explain": null
        },
        "ex2": {
            "input": "strs = [\"dog\", \"cat\", \"racecar\", \"car\"]",
            "output": "\"\"",
            "explain": null
        },
        "ex3": {
            "input": "strs = [\"common\", \"come\", \"cow\", \"career\"]",
            "output": "\"c\"",
            "explain": null
        }
    },
    "constraints": [
        "1 <= len(strs) <= 200",
        "0 <= len(strs[i]) <= 200",
        "strs[i] 只會出現小寫字母"
    ],
    "discussions": {}
}