{
    "id": "0004",
    "name": "String to Integer (atoi)",
    "difficulty": "Medium",
    "likes": [],
    "dislikes": [],
    "participants": [],
    "passed_participants": [],
    "time": "2022/02/14",
    "description": [
        "撰寫一個算法，將輸入的字串以以下規則轉為整數",
        "",
        "算法說明：<br>　　1. 移除輸入字串開頭的所有空格<br>　　2. 檢查下一個字元是否是 \"+\" 或 \"-\"，如是則將之加入最終結果 (\"+\" 代表結果為正 / \"-\" 代表結果為負 / 如果未讀到則將結果視為正<br>　　3. 一直讀取直到字串結尾或者出現非數字的字元<br>　　4. 將這些讀取到的字串轉為數字，如果未讀取到數字則結果為0",
        "",
        "輸入說明：<br>題目會傳入一個字串【s】",
        "",
        "輸出說明：<br>依照 算法說明 步驟運算後回傳"
    ],
    "var": [
        "x"
    ],
    "predefine": "",
    "default": "#start coding below\nclass Solution(): #don't change class name\n    def main(self, s): #don't change function name",
    "example": {
        "ex1": {
            "input": "s = \"  0042 4\"",
            "output": "42",
            "explain": "\"  0042 4\" => \"0042 4\" => \"0042\" => 42"
        },
        "ex2": {
            "input": "s = \"   -002s8\"",
            "output": "-2",
            "explain": "\"  -002s8\" => \"-002s8\" => \"-002\" => -2"
        },
        "ex3": {
            "input": "s = \" w096\"",
            "output": "0",
            "explain": "\" w096\" => \"w096\" => \"\" => 0"
        }
    },
    "constraints": [
        "0 <= len(s) <= 200",
        "s 包含 \"A\"~\"Z\" & \"a\"~\"z\" & \"0\"~\"9\" & \" \" & \"+\" & \"-\""
    ],
    "discussions": {}
}