{
    "0001": {
        "id": "0001",
        "name": "Two Sum",
        "difficulty": "Easy",
        "time": "2022/02/13",
        "participants": [],
        "passed_participants": []
    },
    "0002": {
        "id": "0002",
        "name": "Add Two Numbers",
        "difficulty": "Medium",
        "time": "2022/02/13",
        "participants": [],
        "passed_participants": []
    },
    "0003": {
        "id": "0003",
        "name": "Reverse Integer",
        "difficulty": "Easy",
        "time": "2022/02/14",
        "participants": [],
        "passed_participants": []
    },
    "0004": {
        "id": "0004",
        "name": "String to Integer (atoi)",
        "difficulty": "Medium",
        "time": "2022/02/14",
        "participants": [],
        "passed_participants": []
    },
    "0005": {
        "id": "0005",
        "name": "Palindrome Number",
        "difficulty": "Easy",
        "time": "2022/02/14",
        "participants": [],
        "passed_participants": []
    },
    "0006": {
        "id": "0006",
        "name": "Longest Common Prefix",
        "difficulty": "Easy",
        "time": "2022/02/15",
        "participants": [],
        "passed_participants": []
    },
    "0007": {
        "id": "0007",
        "name": "How Long is it",
        "difficulty": "Easy",
        "time": "2022/02/15",
        "participants": [],
        "passed_participants": []
    },
    "0008": {
        "id": "0008",
        "name": "Leap year?",
        "difficulty": "Easy",
        "time": "2022/02/25",
        "participants": [],
        "passed_participants": []
    },
    "0009": {
        "id": "0009",
        "name": "2D Sorting",
        "difficulty": "Easy",
        "time": "2022/02/25",
        "participants": [],
        "passed_participants": []
    }
}